,login,id,node_id,avatar_url,gravatar_id,url,html_url,followers_url,following_url,gists_url,starred_url,subscriptions_url,organizations_url,repos_url,events_url,received_events_url,type,user_view_type,site_admin
0,topfunky,26,MDQ6VXNlcjI2,https://avatars.githubusercontent.com/u/26?v=4,,https://api.github.com/users/topfunky,https://github.com/topfunky,https://api.github.com/users/topfunky/followers,https://api.github.com/users/topfunky/following{/other_user},https://api.github.com/users/topfunky/gists{/gist_id},https://api.github.com/users/topfunky/starred{/owner}{/repo},https://api.github.com/users/topfunky/subscriptions,https://api.github.com/users/topfunky/orgs,https://api.github.com/users/topfunky/repos,https://api.github.com/users/topfunky/events{/privacy},https://api.github.com/users/topfunky/received_events,User,public,False
1,brixen,85,MDQ6VXNlcjg1,https://avatars.githubusercontent.com/u/85?v=4,,https://api.github.com/users/brixen,https://github.com/brixen,https://api.github.com/users/brixen/followers,https://api.github.com/users/brixen/following{/other_user},https://api.github.com/users/brixen/gists{/gist_id},https://api.github.com/users/brixen/starred{/owner}{/repo},https://api.github.com/users/brixen/subscriptions,https://api.github.com/users/brixen/orgs,https://api.github.com/users/brixen/repos,https://api.github.com/users/brixen/events{/privacy},https://api.github.com/users/brixen/received_events,User,public,False
2,ELLIOTTCABLE,200,MDQ6VXNlcjIwMA==,https://avatars.githubusercontent.com/u/200?v=4,,https://api.github.com/users/ELLIOTTCABLE,https://github.com/ELLIOTTCABLE,https://api.github.com/users/ELLIOTTCABLE/followers,https://api.github.com/users/ELLIOTTCABLE/following{/other_user},https://api.github.com/users/ELLIOTTCABLE/gists{/gist_id},https://api.github.com/users/ELLIOTTCABLE/starred{/owner}{/repo},https://api.github.com/users/ELLIOTTCABLE/subscriptions,https://api.github.com/users/ELLIOTTCABLE/orgs,https://api.github.com/users/ELLIOTTCABLE/repos,https://api.github.com/users/ELLIOTTCABLE/events{/privacy},https://api.github.com/users/ELLIOTTCABLE/received_events,User,public,False
3,vic,331,MDQ6VXNlcjMzMQ==,https://avatars.githubusercontent.com/u/331?v=4,,https://api.github.com/users/vic,https://github.com/vic,https://api.github.com/users/vic/followers,https://api.github.com/users/vic/following{/other_user},https://api.github.com/users/vic/gists{/gist_id},https://api.github.com/users/vic/starred{/owner}{/repo},https://api.github.com/users/vic/subscriptions,https://api.github.com/users/vic/orgs,https://api.github.com/users/vic/repos,https://api.github.com/users/vic/events{/privacy},https://api.github.com/users/vic/received_events,User,public,False
4,brainopia,386,MDQ6VXNlcjM4Ng==,https://avatars.githubusercontent.com/u/386?v=4,,https://api.github.com/users/brainopia,https://github.com/brainopia,https://api.github.com/users/brainopia/followers,https://api.github.com/users/brainopia/following{/other_user},https://api.github.com/users/brainopia/gists{/gist_id},https://api.github.com/users/brainopia/starred{/owner}{/repo},https://api.github.com/users/brainopia/subscriptions,https://api.github.com/users/brainopia/orgs,https://api.github.com/users/brainopia/repos,https://api.github.com/users/brainopia/events{/privacy},https://api.github.com/users/brainopia/received_events,User,public,False
5,rozza,420,MDQ6VXNlcjQyMA==,https://avatars.githubusercontent.com/u/420?v=4,,https://api.github.com/users/rozza,https://github.com/rozza,https://api.github.com/users/rozza/followers,https://api.github.com/users/rozza/following{/other_user},https://api.github.com/users/rozza/gists{/gist_id},https://api.github.com/users/rozza/starred{/owner}{/repo},https://api.github.com/users/rozza/subscriptions,https://api.github.com/users/rozza/orgs,https://api.github.com/users/rozza/repos,https://api.github.com/users/rozza/events{/privacy},https://api.github.com/users/rozza/received_events,User,public,False
6,yrashk,452,MDQ6VXNlcjQ1Mg==,https://avatars.githubusercontent.com/u/452?v=4,,https://api.github.com/users/yrashk,https://github.com/yrashk,https://api.github.com/users/yrashk/followers,https://api.github.com/users/yrashk/following{/other_user},https://api.github.com/users/yrashk/gists{/gist_id},https://api.github.com/users/yrashk/starred{/owner}{/repo},https://api.github.com/users/yrashk/subscriptions,https://api.github.com/users/yrashk/orgs,https://api.github.com/users/yrashk/repos,https://api.github.com/users/yrashk/events{/privacy},https://api.github.com/users/yrashk/received_events,User,public,False
7,auser,529,MDQ6VXNlcjUyOQ==,https://avatars.githubusercontent.com/u/529?v=4,,https://api.github.com/users/auser,https://github.com/auser,https://api.github.com/users/auser/followers,https://api.github.com/users/auser/following{/other_user},https://api.github.com/users/auser/gists{/gist_id},https://api.github.com/users/auser/starred{/owner}{/repo},https://api.github.com/users/auser/subscriptions,https://api.github.com/users/auser/orgs,https://api.github.com/users/auser/repos,https://api.github.com/users/auser/events{/privacy},https://api.github.com/users/auser/received_events,User,public,False
8,lilyball,714,MDQ6VXNlcjcxNA==,https://avatars.githubusercontent.com/u/714?v=4,,https://api.github.com/users/lilyball,https://github.com/lilyball,https://api.github.com/users/lilyball/followers,https://api.github.com/users/lilyball/following{/other_user},https://api.github.com/users/lilyball/gists{/gist_id},https://api.github.com/users/lilyball/starred{/owner}{/repo},https://api.github.com/users/lilyball/subscriptions,https://api.github.com/users/lilyball/orgs,https://api.github.com/users/lilyball/repos,https://api.github.com/users/lilyball/events{/privacy},https://api.github.com/users/lilyball/received_events,User,public,False
9,peburrows,778,MDQ6VXNlcjc3OA==,https://avatars.githubusercontent.com/u/778?v=4,,https://api.github.com/users/peburrows,https://github.com/peburrows,https://api.github.com/users/peburrows/followers,https://api.github.com/users/peburrows/following{/other_user},https://api.github.com/users/peburrows/gists{/gist_id},https://api.github.com/users/peburrows/starred{/owner}{/repo},https://api.github.com/users/peburrows/subscriptions,https://api.github.com/users/peburrows/orgs,https://api.github.com/users/peburrows/repos,https://api.github.com/users/peburrows/events{/privacy},https://api.github.com/users/peburrows/received_events,User,public,False
10,wunki,825,MDQ6VXNlcjgyNQ==,https://avatars.githubusercontent.com/u/825?v=4,,https://api.github.com/users/wunki,https://github.com/wunki,https://api.github.com/users/wunki/followers,https://api.github.com/users/wunki/following{/other_user},https://api.github.com/users/wunki/gists{/gist_id},https://api.github.com/users/wunki/starred{/owner}{/repo},https://api.github.com/users/wunki/subscriptions,https://api.github.com/users/wunki/orgs,https://api.github.com/users/wunki/repos,https://api.github.com/users/wunki/events{/privacy},https://api.github.com/users/wunki/received_events,User,public,False
11,kennyp,902,MDQ6VXNlcjkwMg==,https://avatars.githubusercontent.com/u/902?v=4,,https://api.github.com/users/kennyp,https://github.com/kennyp,https://api.github.com/users/kennyp/followers,https://api.github.com/users/kennyp/following{/other_user},https://api.github.com/users/kennyp/gists{/gist_id},https://api.github.com/users/kennyp/starred{/owner}{/repo},https://api.github.com/users/kennyp/subscriptions,https://api.github.com/users/kennyp/orgs,https://api.github.com/users/kennyp/repos,https://api.github.com/users/kennyp/events{/privacy},https://api.github.com/users/kennyp/received_events,User,public,False
12,da3mon,1025,MDQ6VXNlcjEwMjU=,https://avatars.githubusercontent.com/u/1025?v=4,,https://api.github.com/users/da3mon,https://github.com/da3mon,https://api.github.com/users/da3mon/followers,https://api.github.com/users/da3mon/following{/other_user},https://api.github.com/users/da3mon/gists{/gist_id},https://api.github.com/users/da3mon/starred{/owner}{/repo},https://api.github.com/users/da3mon/subscriptions,https://api.github.com/users/da3mon/orgs,https://api.github.com/users/da3mon/repos,https://api.github.com/users/da3mon/events{/privacy},https://api.github.com/users/da3mon/received_events,User,public,False
13,ndemonner,1157,MDQ6VXNlcjExNTc=,https://avatars.githubusercontent.com/u/1157?v=4,,https://api.github.com/users/ndemonner,https://github.com/ndemonner,https://api.github.com/users/ndemonner/followers,https://api.github.com/users/ndemonner/following{/other_user},https://api.github.com/users/ndemonner/gists{/gist_id},https://api.github.com/users/ndemonner/starred{/owner}{/repo},https://api.github.com/users/ndemonner/subscriptions,https://api.github.com/users/ndemonner/orgs,https://api.github.com/users/ndemonner/repos,https://api.github.com/users/ndemonner/events{/privacy},https://api.github.com/users/ndemonner/received_events,User,public,False
14,paulsmith,1210,MDQ6VXNlcjEyMTA=,https://avatars.githubusercontent.com/u/1210?v=4,,https://api.github.com/users/paulsmith,https://github.com/paulsmith,https://api.github.com/users/paulsmith/followers,https://api.github.com/users/paulsmith/following{/other_user},https://api.github.com/users/paulsmith/gists{/gist_id},https://api.github.com/users/paulsmith/starred{/owner}{/repo},https://api.github.com/users/paulsmith/subscriptions,https://api.github.com/users/paulsmith/orgs,https://api.github.com/users/paulsmith/repos,https://api.github.com/users/paulsmith/events{/privacy},https://api.github.com/users/paulsmith/received_events,User,public,False
15,durdn,1219,MDQ6VXNlcjEyMTk=,https://avatars.githubusercontent.com/u/1219?v=4,,https://api.github.com/users/durdn,https://github.com/durdn,https://api.github.com/users/durdn/followers,https://api.github.com/users/durdn/following{/other_user},https://api.github.com/users/durdn/gists{/gist_id},https://api.github.com/users/durdn/starred{/owner}{/repo},https://api.github.com/users/durdn/subscriptions,https://api.github.com/users/durdn/orgs,https://api.github.com/users/durdn/repos,https://api.github.com/users/durdn/events{/privacy},https://api.github.com/users/durdn/received_events,User,public,False
16,dyokomizo,1310,MDQ6VXNlcjEzMTA=,https://avatars.githubusercontent.com/u/1310?v=4,,https://api.github.com/users/dyokomizo,https://github.com/dyokomizo,https://api.github.com/users/dyokomizo/followers,https://api.github.com/users/dyokomizo/following{/other_user},https://api.github.com/users/dyokomizo/gists{/gist_id},https://api.github.com/users/dyokomizo/starred{/owner}{/repo},https://api.github.com/users/dyokomizo/subscriptions,https://api.github.com/users/dyokomizo/orgs,https://api.github.com/users/dyokomizo/repos,https://api.github.com/users/dyokomizo/events{/privacy},https://api.github.com/users/dyokomizo/received_events,User,public,False
17,cosmin,1358,MDQ6VXNlcjEzNTg=,https://avatars.githubusercontent.com/u/1358?v=4,,https://api.github.com/users/cosmin,https://github.com/cosmin,https://api.github.com/users/cosmin/followers,https://api.github.com/users/cosmin/following{/other_user},https://api.github.com/users/cosmin/gists{/gist_id},https://api.github.com/users/cosmin/starred{/owner}{/repo},https://api.github.com/users/cosmin/subscriptions,https://api.github.com/users/cosmin/orgs,https://api.github.com/users/cosmin/repos,https://api.github.com/users/cosmin/events{/privacy},https://api.github.com/users/cosmin/received_events,User,public,False
18,h3h,1401,MDQ6VXNlcjE0MDE=,https://avatars.githubusercontent.com/u/1401?v=4,,https://api.github.com/users/h3h,https://github.com/h3h,https://api.github.com/users/h3h/followers,https://api.github.com/users/h3h/following{/other_user},https://api.github.com/users/h3h/gists{/gist_id},https://api.github.com/users/h3h/starred{/owner}{/repo},https://api.github.com/users/h3h/subscriptions,https://api.github.com/users/h3h/orgs,https://api.github.com/users/h3h/repos,https://api.github.com/users/h3h/events{/privacy},https://api.github.com/users/h3h/received_events,User,public,False
19,Rickasaurus,1429,MDQ6VXNlcjE0Mjk=,https://avatars.githubusercontent.com/u/1429?v=4,,https://api.github.com/users/Rickasaurus,https://github.com/Rickasaurus,https://api.github.com/users/Rickasaurus/followers,https://api.github.com/users/Rickasaurus/following{/other_user},https://api.github.com/users/Rickasaurus/gists{/gist_id},https://api.github.com/users/Rickasaurus/starred{/owner}{/repo},https://api.github.com/users/Rickasaurus/subscriptions,https://api.github.com/users/Rickasaurus/orgs,https://api.github.com/users/Rickasaurus/repos,https://api.github.com/users/Rickasaurus/events{/privacy},https://api.github.com/users/Rickasaurus/received_events,User,public,False
20,paulstansifer,1431,MDQ6VXNlcjE0MzE=,https://avatars.githubusercontent.com/u/1431?v=4,,https://api.github.com/users/paulstansifer,https://github.com/paulstansifer,https://api.github.com/users/paulstansifer/followers,https://api.github.com/users/paulstansifer/following{/other_user},https://api.github.com/users/paulstansifer/gists{/gist_id},https://api.github.com/users/paulstansifer/starred{/owner}{/repo},https://api.github.com/users/paulstansifer/subscriptions,https://api.github.com/users/paulstansifer/orgs,https://api.github.com/users/paulstansifer/repos,https://api.github.com/users/paulstansifer/events{/privacy},https://api.github.com/users/paulstansifer/received_events,User,public,False
21,anandkunal,1477,MDQ6VXNlcjE0Nzc=,https://avatars.githubusercontent.com/u/1477?v=4,,https://api.github.com/users/anandkunal,https://github.com/anandkunal,https://api.github.com/users/anandkunal/followers,https://api.github.com/users/anandkunal/following{/other_user},https://api.github.com/users/anandkunal/gists{/gist_id},https://api.github.com/users/anandkunal/starred{/owner}{/repo},https://api.github.com/users/anandkunal/subscriptions,https://api.github.com/users/anandkunal/orgs,https://api.github.com/users/anandkunal/repos,https://api.github.com/users/anandkunal/events{/privacy},https://api.github.com/users/anandkunal/received_events,User,public,False
22,gaubert,1482,MDQ6VXNlcjE0ODI=,https://avatars.githubusercontent.com/u/1482?v=4,,https://api.github.com/users/gaubert,https://github.com/gaubert,https://api.github.com/users/gaubert/followers,https://api.github.com/users/gaubert/following{/other_user},https://api.github.com/users/gaubert/gists{/gist_id},https://api.github.com/users/gaubert/starred{/owner}{/repo},https://api.github.com/users/gaubert/subscriptions,https://api.github.com/users/gaubert/orgs,https://api.github.com/users/gaubert/repos,https://api.github.com/users/gaubert/events{/privacy},https://api.github.com/users/gaubert/received_events,User,public,False
23,gene9,1489,MDQ6VXNlcjE0ODk=,https://avatars.githubusercontent.com/u/1489?v=4,,https://api.github.com/users/gene9,https://github.com/gene9,https://api.github.com/users/gene9/followers,https://api.github.com/users/gene9/following{/other_user},https://api.github.com/users/gene9/gists{/gist_id},https://api.github.com/users/gene9/starred{/owner}{/repo},https://api.github.com/users/gene9/subscriptions,https://api.github.com/users/gene9/orgs,https://api.github.com/users/gene9/repos,https://api.github.com/users/gene9/events{/privacy},https://api.github.com/users/gene9/received_events,User,public,False
24,newtonapple,1544,MDQ6VXNlcjE1NDQ=,https://avatars.githubusercontent.com/u/1544?v=4,,https://api.github.com/users/newtonapple,https://github.com/newtonapple,https://api.github.com/users/newtonapple/followers,https://api.github.com/users/newtonapple/following{/other_user},https://api.github.com/users/newtonapple/gists{/gist_id},https://api.github.com/users/newtonapple/starred{/owner}{/repo},https://api.github.com/users/newtonapple/subscriptions,https://api.github.com/users/newtonapple/orgs,https://api.github.com/users/newtonapple/repos,https://api.github.com/users/newtonapple/events{/privacy},https://api.github.com/users/newtonapple/received_events,User,public,False
25,number5,1545,MDQ6VXNlcjE1NDU=,https://avatars.githubusercontent.com/u/1545?v=4,,https://api.github.com/users/number5,https://github.com/number5,https://api.github.com/users/number5/followers,https://api.github.com/users/number5/following{/other_user},https://api.github.com/users/number5/gists{/gist_id},https://api.github.com/users/number5/starred{/owner}{/repo},https://api.github.com/users/number5/subscriptions,https://api.github.com/users/number5/orgs,https://api.github.com/users/number5/repos,https://api.github.com/users/number5/events{/privacy},https://api.github.com/users/number5/received_events,User,public,False
26,babo,1548,MDQ6VXNlcjE1NDg=,https://avatars.githubusercontent.com/u/1548?v=4,,https://api.github.com/users/babo,https://github.com/babo,https://api.github.com/users/babo/followers,https://api.github.com/users/babo/following{/other_user},https://api.github.com/users/babo/gists{/gist_id},https://api.github.com/users/babo/starred{/owner}{/repo},https://api.github.com/users/babo/subscriptions,https://api.github.com/users/babo/orgs,https://api.github.com/users/babo/repos,https://api.github.com/users/babo/events{/privacy},https://api.github.com/users/babo/received_events,User,public,False
27,edwardgeorge,1572,MDQ6VXNlcjE1NzI=,https://avatars.githubusercontent.com/u/1572?v=4,,https://api.github.com/users/edwardgeorge,https://github.com/edwardgeorge,https://api.github.com/users/edwardgeorge/followers,https://api.github.com/users/edwardgeorge/following{/other_user},https://api.github.com/users/edwardgeorge/gists{/gist_id},https://api.github.com/users/edwardgeorge/starred{/owner}{/repo},https://api.github.com/users/edwardgeorge/subscriptions,https://api.github.com/users/edwardgeorge/orgs,https://api.github.com/users/edwardgeorge/repos,https://api.github.com/users/edwardgeorge/events{/privacy},https://api.github.com/users/edwardgeorge/received_events,User,public,False
28,brentp,1739,MDQ6VXNlcjE3Mzk=,https://avatars.githubusercontent.com/u/1739?v=4,,https://api.github.com/users/brentp,https://github.com/brentp,https://api.github.com/users/brentp/followers,https://api.github.com/users/brentp/following{/other_user},https://api.github.com/users/brentp/gists{/gist_id},https://api.github.com/users/brentp/starred{/owner}{/repo},https://api.github.com/users/brentp/subscriptions,https://api.github.com/users/brentp/orgs,https://api.github.com/users/brentp/repos,https://api.github.com/users/brentp/events{/privacy},https://api.github.com/users/brentp/received_events,User,public,False
29,kana,1742,MDQ6VXNlcjE3NDI=,https://avatars.githubusercontent.com/u/1742?v=4,,https://api.github.com/users/kana,https://github.com/kana,https://api.github.com/users/kana/followers,https://api.github.com/users/kana/following{/other_user},https://api.github.com/users/kana/gists{/gist_id},https://api.github.com/users/kana/starred{/owner}{/repo},https://api.github.com/users/kana/subscriptions,https://api.github.com/users/kana/orgs,https://api.github.com/users/kana/repos,https://api.github.com/users/kana/events{/privacy},https://api.github.com/users/kana/received_events,User,public,False
30,bretthoerner,1752,MDQ6VXNlcjE3NTI=,https://avatars.githubusercontent.com/u/1752?v=4,,https://api.github.com/users/bretthoerner,https://github.com/bretthoerner,https://api.github.com/users/bretthoerner/followers,https://api.github.com/users/bretthoerner/following{/other_user},https://api.github.com/users/bretthoerner/gists{/gist_id},https://api.github.com/users/bretthoerner/starred{/owner}{/repo},https://api.github.com/users/bretthoerner/subscriptions,https://api.github.com/users/bretthoerner/orgs,https://api.github.com/users/bretthoerner/repos,https://api.github.com/users/bretthoerner/events{/privacy},https://api.github.com/users/bretthoerner/received_events,User,public,False
31,sporkmonger,1778,MDQ6VXNlcjE3Nzg=,https://avatars.githubusercontent.com/u/1778?v=4,,https://api.github.com/users/sporkmonger,https://github.com/sporkmonger,https://api.github.com/users/sporkmonger/followers,https://api.github.com/users/sporkmonger/following{/other_user},https://api.github.com/users/sporkmonger/gists{/gist_id},https://api.github.com/users/sporkmonger/starred{/owner}{/repo},https://api.github.com/users/sporkmonger/subscriptions,https://api.github.com/users/sporkmonger/orgs,https://api.github.com/users/sporkmonger/repos,https://api.github.com/users/sporkmonger/events{/privacy},https://api.github.com/users/sporkmonger/received_events,User,public,False
32,mw,1827,MDQ6VXNlcjE4Mjc=,https://avatars.githubusercontent.com/u/1827?v=4,,https://api.github.com/users/mw,https://github.com/mw,https://api.github.com/users/mw/followers,https://api.github.com/users/mw/following{/other_user},https://api.github.com/users/mw/gists{/gist_id},https://api.github.com/users/mw/starred{/owner}{/repo},https://api.github.com/users/mw/subscriptions,https://api.github.com/users/mw/orgs,https://api.github.com/users/mw/repos,https://api.github.com/users/mw/events{/privacy},https://api.github.com/users/mw/received_events,User,public,False
33,gbraad,1894,MDQ6VXNlcjE4OTQ=,https://avatars.githubusercontent.com/u/1894?v=4,,https://api.github.com/users/gbraad,https://github.com/gbraad,https://api.github.com/users/gbraad/followers,https://api.github.com/users/gbraad/following{/other_user},https://api.github.com/users/gbraad/gists{/gist_id},https://api.github.com/users/gbraad/starred{/owner}{/repo},https://api.github.com/users/gbraad/subscriptions,https://api.github.com/users/gbraad/orgs,https://api.github.com/users/gbraad/repos,https://api.github.com/users/gbraad/events{/privacy},https://api.github.com/users/gbraad/received_events,User,public,False
34,bisho,1917,MDQ6VXNlcjE5MTc=,https://avatars.githubusercontent.com/u/1917?v=4,,https://api.github.com/users/bisho,https://github.com/bisho,https://api.github.com/users/bisho/followers,https://api.github.com/users/bisho/following{/other_user},https://api.github.com/users/bisho/gists{/gist_id},https://api.github.com/users/bisho/starred{/owner}{/repo},https://api.github.com/users/bisho/subscriptions,https://api.github.com/users/bisho/orgs,https://api.github.com/users/bisho/repos,https://api.github.com/users/bisho/events{/privacy},https://api.github.com/users/bisho/received_events,User,public,False
35,sqs,1976,MDQ6VXNlcjE5NzY=,https://avatars.githubusercontent.com/u/1976?v=4,,https://api.github.com/users/sqs,https://github.com/sqs,https://api.github.com/users/sqs/followers,https://api.github.com/users/sqs/following{/other_user},https://api.github.com/users/sqs/gists{/gist_id},https://api.github.com/users/sqs/starred{/owner}{/repo},https://api.github.com/users/sqs/subscriptions,https://api.github.com/users/sqs/orgs,https://api.github.com/users/sqs/repos,https://api.github.com/users/sqs/events{/privacy},https://api.github.com/users/sqs/received_events,User,public,False
36,softprops,2242,MDQ6VXNlcjIyNDI=,https://avatars.githubusercontent.com/u/2242?v=4,,https://api.github.com/users/softprops,https://github.com/softprops,https://api.github.com/users/softprops/followers,https://api.github.com/users/softprops/following{/other_user},https://api.github.com/users/softprops/gists{/gist_id},https://api.github.com/users/softprops/starred{/owner}{/repo},https://api.github.com/users/softprops/subscriptions,https://api.github.com/users/softprops/orgs,https://api.github.com/users/softprops/repos,https://api.github.com/users/softprops/events{/privacy},https://api.github.com/users/softprops/received_events,User,public,False
37,Dieken,2365,MDQ6VXNlcjIzNjU=,https://avatars.githubusercontent.com/u/2365?v=4,,https://api.github.com/users/Dieken,https://github.com/Dieken,https://api.github.com/users/Dieken/followers,https://api.github.com/users/Dieken/following{/other_user},https://api.github.com/users/Dieken/gists{/gist_id},https://api.github.com/users/Dieken/starred{/owner}{/repo},https://api.github.com/users/Dieken/subscriptions,https://api.github.com/users/Dieken/orgs,https://api.github.com/users/Dieken/repos,https://api.github.com/users/Dieken/events{/privacy},https://api.github.com/users/Dieken/received_events,User,public,False
38,momerath42,2625,MDQ6VXNlcjI2MjU=,https://avatars.githubusercontent.com/u/2625?v=4,,https://api.github.com/users/momerath42,https://github.com/momerath42,https://api.github.com/users/momerath42/followers,https://api.github.com/users/momerath42/following{/other_user},https://api.github.com/users/momerath42/gists{/gist_id},https://api.github.com/users/momerath42/starred{/owner}{/repo},https://api.github.com/users/momerath42/subscriptions,https://api.github.com/users/momerath42/orgs,https://api.github.com/users/momerath42/repos,https://api.github.com/users/momerath42/events{/privacy},https://api.github.com/users/momerath42/received_events,User,public,False
39,sss,2668,MDQ6VXNlcjI2Njg=,https://avatars.githubusercontent.com/u/2668?v=4,,https://api.github.com/users/sss,https://github.com/sss,https://api.github.com/users/sss/followers,https://api.github.com/users/sss/following{/other_user},https://api.github.com/users/sss/gists{/gist_id},https://api.github.com/users/sss/starred{/owner}{/repo},https://api.github.com/users/sss/subscriptions,https://api.github.com/users/sss/orgs,https://api.github.com/users/sss/repos,https://api.github.com/users/sss/events{/privacy},https://api.github.com/users/sss/received_events,User,public,False
40,eklitzke,2734,MDQ6VXNlcjI3MzQ=,https://avatars.githubusercontent.com/u/2734?v=4,,https://api.github.com/users/eklitzke,https://github.com/eklitzke,https://api.github.com/users/eklitzke/followers,https://api.github.com/users/eklitzke/following{/other_user},https://api.github.com/users/eklitzke/gists{/gist_id},https://api.github.com/users/eklitzke/starred{/owner}{/repo},https://api.github.com/users/eklitzke/subscriptions,https://api.github.com/users/eklitzke/orgs,https://api.github.com/users/eklitzke/repos,https://api.github.com/users/eklitzke/events{/privacy},https://api.github.com/users/eklitzke/received_events,User,public,False
41,freshtonic,2769,MDQ6VXNlcjI3Njk=,https://avatars.githubusercontent.com/u/2769?v=4,,https://api.github.com/users/freshtonic,https://github.com/freshtonic,https://api.github.com/users/freshtonic/followers,https://api.github.com/users/freshtonic/following{/other_user},https://api.github.com/users/freshtonic/gists{/gist_id},https://api.github.com/users/freshtonic/starred{/owner}{/repo},https://api.github.com/users/freshtonic/subscriptions,https://api.github.com/users/freshtonic/orgs,https://api.github.com/users/freshtonic/repos,https://api.github.com/users/freshtonic/events{/privacy},https://api.github.com/users/freshtonic/received_events,User,public,False
42,euphoria,2817,MDQ6VXNlcjI4MTc=,https://avatars.githubusercontent.com/u/2817?v=4,,https://api.github.com/users/euphoria,https://github.com/euphoria,https://api.github.com/users/euphoria/followers,https://api.github.com/users/euphoria/following{/other_user},https://api.github.com/users/euphoria/gists{/gist_id},https://api.github.com/users/euphoria/starred{/owner}{/repo},https://api.github.com/users/euphoria/subscriptions,https://api.github.com/users/euphoria/orgs,https://api.github.com/users/euphoria/repos,https://api.github.com/users/euphoria/events{/privacy},https://api.github.com/users/euphoria/received_events,User,public,False
43,mattknox,2965,MDQ6VXNlcjI5NjU=,https://avatars.githubusercontent.com/u/2965?v=4,,https://api.github.com/users/mattknox,https://github.com/mattknox,https://api.github.com/users/mattknox/followers,https://api.github.com/users/mattknox/following{/other_user},https://api.github.com/users/mattknox/gists{/gist_id},https://api.github.com/users/mattknox/starred{/owner}{/repo},https://api.github.com/users/mattknox/subscriptions,https://api.github.com/users/mattknox/orgs,https://api.github.com/users/mattknox/repos,https://api.github.com/users/mattknox/events{/privacy},https://api.github.com/users/mattknox/received_events,User,public,False
44,jbarnette,3117,MDQ6VXNlcjMxMTc=,https://avatars.githubusercontent.com/u/3117?v=4,,https://api.github.com/users/jbarnette,https://github.com/jbarnette,https://api.github.com/users/jbarnette/followers,https://api.github.com/users/jbarnette/following{/other_user},https://api.github.com/users/jbarnette/gists{/gist_id},https://api.github.com/users/jbarnette/starred{/owner}{/repo},https://api.github.com/users/jbarnette/subscriptions,https://api.github.com/users/jbarnette/orgs,https://api.github.com/users/jbarnette/repos,https://api.github.com/users/jbarnette/events{/privacy},https://api.github.com/users/jbarnette/received_events,User,public,False
45,elliottslaughter,3129,MDQ6VXNlcjMxMjk=,https://avatars.githubusercontent.com/u/3129?v=4,,https://api.github.com/users/elliottslaughter,https://github.com/elliottslaughter,https://api.github.com/users/elliottslaughter/followers,https://api.github.com/users/elliottslaughter/following{/other_user},https://api.github.com/users/elliottslaughter/gists{/gist_id},https://api.github.com/users/elliottslaughter/starred{/owner}{/repo},https://api.github.com/users/elliottslaughter/subscriptions,https://api.github.com/users/elliottslaughter/orgs,https://api.github.com/users/elliottslaughter/repos,https://api.github.com/users/elliottslaughter/events{/privacy},https://api.github.com/users/elliottslaughter/received_events,User,public,False
46,adragomir,3326,MDQ6VXNlcjMzMjY=,https://avatars.githubusercontent.com/u/3326?v=4,,https://api.github.com/users/adragomir,https://github.com/adragomir,https://api.github.com/users/adragomir/followers,https://api.github.com/users/adragomir/following{/other_user},https://api.github.com/users/adragomir/gists{/gist_id},https://api.github.com/users/adragomir/starred{/owner}{/repo},https://api.github.com/users/adragomir/subscriptions,https://api.github.com/users/adragomir/orgs,https://api.github.com/users/adragomir/repos,https://api.github.com/users/adragomir/events{/privacy},https://api.github.com/users/adragomir/received_events,User,public,False
47,rue,3393,MDQ6VXNlcjMzOTM=,https://avatars.githubusercontent.com/u/3393?v=4,,https://api.github.com/users/rue,https://github.com/rue,https://api.github.com/users/rue/followers,https://api.github.com/users/rue/following{/other_user},https://api.github.com/users/rue/gists{/gist_id},https://api.github.com/users/rue/starred{/owner}{/repo},https://api.github.com/users/rue/subscriptions,https://api.github.com/users/rue/orgs,https://api.github.com/users/rue/repos,https://api.github.com/users/rue/events{/privacy},https://api.github.com/users/rue/received_events,User,public,False
48,thoughtpolice,3416,MDQ6VXNlcjM0MTY=,https://avatars.githubusercontent.com/u/3416?v=4,,https://api.github.com/users/thoughtpolice,https://github.com/thoughtpolice,https://api.github.com/users/thoughtpolice/followers,https://api.github.com/users/thoughtpolice/following{/other_user},https://api.github.com/users/thoughtpolice/gists{/gist_id},https://api.github.com/users/thoughtpolice/starred{/owner}{/repo},https://api.github.com/users/thoughtpolice/subscriptions,https://api.github.com/users/thoughtpolice/orgs,https://api.github.com/users/thoughtpolice/repos,https://api.github.com/users/thoughtpolice/events{/privacy},https://api.github.com/users/thoughtpolice/received_events,User,public,False
49,thomasjo,3622,MDQ6VXNlcjM2MjI=,https://avatars.githubusercontent.com/u/3622?v=4,,https://api.github.com/users/thomasjo,https://github.com/thomasjo,https://api.github.com/users/thomasjo/followers,https://api.github.com/users/thomasjo/following{/other_user},https://api.github.com/users/thomasjo/gists{/gist_id},https://api.github.com/users/thomasjo/starred{/owner}{/repo},https://api.github.com/users/thomasjo/subscriptions,https://api.github.com/users/thomasjo/orgs,https://api.github.com/users/thomasjo/repos,https://api.github.com/users/thomasjo/events{/privacy},https://api.github.com/users/thomasjo/received_events,User,public,False
50,pivou,3787,MDQ6VXNlcjM3ODc=,https://avatars.githubusercontent.com/u/3787?v=4,,https://api.github.com/users/pivou,https://github.com/pivou,https://api.github.com/users/pivou/followers,https://api.github.com/users/pivou/following{/other_user},https://api.github.com/users/pivou/gists{/gist_id},https://api.github.com/users/pivou/starred{/owner}{/repo},https://api.github.com/users/pivou/subscriptions,https://api.github.com/users/pivou/orgs,https://api.github.com/users/pivou/repos,https://api.github.com/users/pivou/events{/privacy},https://api.github.com/users/pivou/received_events,User,public,False
51,mrluanma,3856,MDQ6VXNlcjM4NTY=,https://avatars.githubusercontent.com/u/3856?v=4,,https://api.github.com/users/mrluanma,https://github.com/mrluanma,https://api.github.com/users/mrluanma/followers,https://api.github.com/users/mrluanma/following{/other_user},https://api.github.com/users/mrluanma/gists{/gist_id},https://api.github.com/users/mrluanma/starred{/owner}{/repo},https://api.github.com/users/mrluanma/subscriptions,https://api.github.com/users/mrluanma/orgs,https://api.github.com/users/mrluanma/repos,https://api.github.com/users/mrluanma/events{/privacy},https://api.github.com/users/mrluanma/received_events,User,public,False
52,zaach,3903,MDQ6VXNlcjM5MDM=,https://avatars.githubusercontent.com/u/3903?v=4,,https://api.github.com/users/zaach,https://github.com/zaach,https://api.github.com/users/zaach/followers,https://api.github.com/users/zaach/following{/other_user},https://api.github.com/users/zaach/gists{/gist_id},https://api.github.com/users/zaach/starred{/owner}{/repo},https://api.github.com/users/zaach/subscriptions,https://api.github.com/users/zaach/orgs,https://api.github.com/users/zaach/repos,https://api.github.com/users/zaach/events{/privacy},https://api.github.com/users/zaach/received_events,User,public,False
53,bheylin,3947,MDQ6VXNlcjM5NDc=,https://avatars.githubusercontent.com/u/3947?v=4,,https://api.github.com/users/bheylin,https://github.com/bheylin,https://api.github.com/users/bheylin/followers,https://api.github.com/users/bheylin/following{/other_user},https://api.github.com/users/bheylin/gists{/gist_id},https://api.github.com/users/bheylin/starred{/owner}{/repo},https://api.github.com/users/bheylin/subscriptions,https://api.github.com/users/bheylin/orgs,https://api.github.com/users/bheylin/repos,https://api.github.com/users/bheylin/events{/privacy},https://api.github.com/users/bheylin/received_events,User,public,False
54,yaroslav,4277,MDQ6VXNlcjQyNzc=,https://avatars.githubusercontent.com/u/4277?v=4,,https://api.github.com/users/yaroslav,https://github.com/yaroslav,https://api.github.com/users/yaroslav/followers,https://api.github.com/users/yaroslav/following{/other_user},https://api.github.com/users/yaroslav/gists{/gist_id},https://api.github.com/users/yaroslav/starred{/owner}{/repo},https://api.github.com/users/yaroslav/subscriptions,https://api.github.com/users/yaroslav/orgs,https://api.github.com/users/yaroslav/repos,https://api.github.com/users/yaroslav/events{/privacy},https://api.github.com/users/yaroslav/received_events,User,public,False
55,tswicegood,4328,MDQ6VXNlcjQzMjg=,https://avatars.githubusercontent.com/u/4328?v=4,,https://api.github.com/users/tswicegood,https://github.com/tswicegood,https://api.github.com/users/tswicegood/followers,https://api.github.com/users/tswicegood/following{/other_user},https://api.github.com/users/tswicegood/gists{/gist_id},https://api.github.com/users/tswicegood/starred{/owner}{/repo},https://api.github.com/users/tswicegood/subscriptions,https://api.github.com/users/tswicegood/orgs,https://api.github.com/users/tswicegood/repos,https://api.github.com/users/tswicegood/events{/privacy},https://api.github.com/users/tswicegood/received_events,User,public,False
56,mrjjwright,4343,MDQ6VXNlcjQzNDM=,https://avatars.githubusercontent.com/u/4343?v=4,,https://api.github.com/users/mrjjwright,https://github.com/mrjjwright,https://api.github.com/users/mrjjwright/followers,https://api.github.com/users/mrjjwright/following{/other_user},https://api.github.com/users/mrjjwright/gists{/gist_id},https://api.github.com/users/mrjjwright/starred{/owner}{/repo},https://api.github.com/users/mrjjwright/subscriptions,https://api.github.com/users/mrjjwright/orgs,https://api.github.com/users/mrjjwright/repos,https://api.github.com/users/mrjjwright/events{/privacy},https://api.github.com/users/mrjjwright/received_events,User,public,False
57,yeliu84,4915,MDQ6VXNlcjQ5MTU=,https://avatars.githubusercontent.com/u/4915?v=4,,https://api.github.com/users/yeliu84,https://github.com/yeliu84,https://api.github.com/users/yeliu84/followers,https://api.github.com/users/yeliu84/following{/other_user},https://api.github.com/users/yeliu84/gists{/gist_id},https://api.github.com/users/yeliu84/starred{/owner}{/repo},https://api.github.com/users/yeliu84/subscriptions,https://api.github.com/users/yeliu84/orgs,https://api.github.com/users/yeliu84/repos,https://api.github.com/users/yeliu84/events{/privacy},https://api.github.com/users/yeliu84/received_events,User,public,False
58,artob,4963,MDQ6VXNlcjQ5NjM=,https://avatars.githubusercontent.com/u/4963?v=4,,https://api.github.com/users/artob,https://github.com/artob,https://api.github.com/users/artob/followers,https://api.github.com/users/artob/following{/other_user},https://api.github.com/users/artob/gists{/gist_id},https://api.github.com/users/artob/starred{/owner}{/repo},https://api.github.com/users/artob/subscriptions,https://api.github.com/users/artob/orgs,https://api.github.com/users/artob/repos,https://api.github.com/users/artob/events{/privacy},https://api.github.com/users/artob/received_events,User,public,False
59,digicyc,5057,MDQ6VXNlcjUwNTc=,https://avatars.githubusercontent.com/u/5057?v=4,,https://api.github.com/users/digicyc,https://github.com/digicyc,https://api.github.com/users/digicyc/followers,https://api.github.com/users/digicyc/following{/other_user},https://api.github.com/users/digicyc/gists{/gist_id},https://api.github.com/users/digicyc/starred{/owner}{/repo},https://api.github.com/users/digicyc/subscriptions,https://api.github.com/users/digicyc/orgs,https://api.github.com/users/digicyc/repos,https://api.github.com/users/digicyc/events{/privacy},https://api.github.com/users/digicyc/received_events,User,public,False
60,mcandre,5316,MDQ6VXNlcjUzMTY=,https://avatars.githubusercontent.com/u/5316?v=4,,https://api.github.com/users/mcandre,https://github.com/mcandre,https://api.github.com/users/mcandre/followers,https://api.github.com/users/mcandre/following{/other_user},https://api.github.com/users/mcandre/gists{/gist_id},https://api.github.com/users/mcandre/starred{/owner}{/repo},https://api.github.com/users/mcandre/subscriptions,https://api.github.com/users/mcandre/orgs,https://api.github.com/users/mcandre/repos,https://api.github.com/users/mcandre/events{/privacy},https://api.github.com/users/mcandre/received_events,User,public,False
61,benjaminoakes,5323,MDQ6VXNlcjUzMjM=,https://avatars.githubusercontent.com/u/5323?v=4,,https://api.github.com/users/benjaminoakes,https://github.com/benjaminoakes,https://api.github.com/users/benjaminoakes/followers,https://api.github.com/users/benjaminoakes/following{/other_user},https://api.github.com/users/benjaminoakes/gists{/gist_id},https://api.github.com/users/benjaminoakes/starred{/owner}{/repo},https://api.github.com/users/benjaminoakes/subscriptions,https://api.github.com/users/benjaminoakes/orgs,https://api.github.com/users/benjaminoakes/repos,https://api.github.com/users/benjaminoakes/events{/privacy},https://api.github.com/users/benjaminoakes/received_events,User,public,False
62,darwin,5453,MDQ6VXNlcjU0NTM=,https://avatars.githubusercontent.com/u/5453?v=4,,https://api.github.com/users/darwin,https://github.com/darwin,https://api.github.com/users/darwin/followers,https://api.github.com/users/darwin/following{/other_user},https://api.github.com/users/darwin/gists{/gist_id},https://api.github.com/users/darwin/starred{/owner}{/repo},https://api.github.com/users/darwin/subscriptions,https://api.github.com/users/darwin/orgs,https://api.github.com/users/darwin/repos,https://api.github.com/users/darwin/events{/privacy},https://api.github.com/users/darwin/received_events,User,public,False
63,benjamn,5750,MDQ6VXNlcjU3NTA=,https://avatars.githubusercontent.com/u/5750?v=4,,https://api.github.com/users/benjamn,https://github.com/benjamn,https://api.github.com/users/benjamn/followers,https://api.github.com/users/benjamn/following{/other_user},https://api.github.com/users/benjamn/gists{/gist_id},https://api.github.com/users/benjamn/starred{/owner}{/repo},https://api.github.com/users/benjamn/subscriptions,https://api.github.com/users/benjamn/orgs,https://api.github.com/users/benjamn/repos,https://api.github.com/users/benjamn/events{/privacy},https://api.github.com/users/benjamn/received_events,User,public,False
64,gaustin,5820,MDQ6VXNlcjU4MjA=,https://avatars.githubusercontent.com/u/5820?v=4,,https://api.github.com/users/gaustin,https://github.com/gaustin,https://api.github.com/users/gaustin/followers,https://api.github.com/users/gaustin/following{/other_user},https://api.github.com/users/gaustin/gists{/gist_id},https://api.github.com/users/gaustin/starred{/owner}{/repo},https://api.github.com/users/gaustin/subscriptions,https://api.github.com/users/gaustin/orgs,https://api.github.com/users/gaustin/repos,https://api.github.com/users/gaustin/events{/privacy},https://api.github.com/users/gaustin/received_events,User,public,False
65,stevej,5834,MDQ6VXNlcjU4MzQ=,https://avatars.githubusercontent.com/u/5834?v=4,,https://api.github.com/users/stevej,https://github.com/stevej,https://api.github.com/users/stevej/followers,https://api.github.com/users/stevej/following{/other_user},https://api.github.com/users/stevej/gists{/gist_id},https://api.github.com/users/stevej/starred{/owner}{/repo},https://api.github.com/users/stevej/subscriptions,https://api.github.com/users/stevej/orgs,https://api.github.com/users/stevej/repos,https://api.github.com/users/stevej/events{/privacy},https://api.github.com/users/stevej/received_events,User,public,False
66,mbrubeck,5920,MDQ6VXNlcjU5MjA=,https://avatars.githubusercontent.com/u/5920?v=4,,https://api.github.com/users/mbrubeck,https://github.com/mbrubeck,https://api.github.com/users/mbrubeck/followers,https://api.github.com/users/mbrubeck/following{/other_user},https://api.github.com/users/mbrubeck/gists{/gist_id},https://api.github.com/users/mbrubeck/starred{/owner}{/repo},https://api.github.com/users/mbrubeck/subscriptions,https://api.github.com/users/mbrubeck/orgs,https://api.github.com/users/mbrubeck/repos,https://api.github.com/users/mbrubeck/events{/privacy},https://api.github.com/users/mbrubeck/received_events,User,public,False
67,mernen,6412,MDQ6VXNlcjY0MTI=,https://avatars.githubusercontent.com/u/6412?v=4,,https://api.github.com/users/mernen,https://github.com/mernen,https://api.github.com/users/mernen/followers,https://api.github.com/users/mernen/following{/other_user},https://api.github.com/users/mernen/gists{/gist_id},https://api.github.com/users/mernen/starred{/owner}{/repo},https://api.github.com/users/mernen/subscriptions,https://api.github.com/users/mernen/orgs,https://api.github.com/users/mernen/repos,https://api.github.com/users/mernen/events{/privacy},https://api.github.com/users/mernen/received_events,User,public,False
68,frohoff,6477,MDQ6VXNlcjY0Nzc=,https://avatars.githubusercontent.com/u/6477?v=4,,https://api.github.com/users/frohoff,https://github.com/frohoff,https://api.github.com/users/frohoff/followers,https://api.github.com/users/frohoff/following{/other_user},https://api.github.com/users/frohoff/gists{/gist_id},https://api.github.com/users/frohoff/starred{/owner}{/repo},https://api.github.com/users/frohoff/subscriptions,https://api.github.com/users/frohoff/orgs,https://api.github.com/users/frohoff/repos,https://api.github.com/users/frohoff/events{/privacy},https://api.github.com/users/frohoff/received_events,User,public,False
69,vladev,6531,MDQ6VXNlcjY1MzE=,https://avatars.githubusercontent.com/u/6531?v=4,,https://api.github.com/users/vladev,https://github.com/vladev,https://api.github.com/users/vladev/followers,https://api.github.com/users/vladev/following{/other_user},https://api.github.com/users/vladev/gists{/gist_id},https://api.github.com/users/vladev/starred{/owner}{/repo},https://api.github.com/users/vladev/subscriptions,https://api.github.com/users/vladev/orgs,https://api.github.com/users/vladev/repos,https://api.github.com/users/vladev/events{/privacy},https://api.github.com/users/vladev/received_events,User,public,False
70,danielqo-zz,6602,MDQ6VXNlcjY2MDI=,https://avatars.githubusercontent.com/u/6602?v=4,,https://api.github.com/users/danielqo-zz,https://github.com/danielqo-zz,https://api.github.com/users/danielqo-zz/followers,https://api.github.com/users/danielqo-zz/following{/other_user},https://api.github.com/users/danielqo-zz/gists{/gist_id},https://api.github.com/users/danielqo-zz/starred{/owner}{/repo},https://api.github.com/users/danielqo-zz/subscriptions,https://api.github.com/users/danielqo-zz/orgs,https://api.github.com/users/danielqo-zz/repos,https://api.github.com/users/danielqo-zz/events{/privacy},https://api.github.com/users/danielqo-zz/received_events,User,public,False
71,janus,6726,MDQ6VXNlcjY3MjY=,https://avatars.githubusercontent.com/u/6726?v=4,,https://api.github.com/users/janus,https://github.com/janus,https://api.github.com/users/janus/followers,https://api.github.com/users/janus/following{/other_user},https://api.github.com/users/janus/gists{/gist_id},https://api.github.com/users/janus/starred{/owner}{/repo},https://api.github.com/users/janus/subscriptions,https://api.github.com/users/janus/orgs,https://api.github.com/users/janus/repos,https://api.github.com/users/janus/events{/privacy},https://api.github.com/users/janus/received_events,User,public,False
72,jfd,6840,MDQ6VXNlcjY4NDA=,https://avatars.githubusercontent.com/u/6840?v=4,,https://api.github.com/users/jfd,https://github.com/jfd,https://api.github.com/users/jfd/followers,https://api.github.com/users/jfd/following{/other_user},https://api.github.com/users/jfd/gists{/gist_id},https://api.github.com/users/jfd/starred{/owner}{/repo},https://api.github.com/users/jfd/subscriptions,https://api.github.com/users/jfd/orgs,https://api.github.com/users/jfd/repos,https://api.github.com/users/jfd/events{/privacy},https://api.github.com/users/jfd/received_events,User,public,False
73,mmkassem,6854,MDQ6VXNlcjY4NTQ=,https://avatars.githubusercontent.com/u/6854?v=4,,https://api.github.com/users/mmkassem,https://github.com/mmkassem,https://api.github.com/users/mmkassem/followers,https://api.github.com/users/mmkassem/following{/other_user},https://api.github.com/users/mmkassem/gists{/gist_id},https://api.github.com/users/mmkassem/starred{/owner}{/repo},https://api.github.com/users/mmkassem/subscriptions,https://api.github.com/users/mmkassem/orgs,https://api.github.com/users/mmkassem/repos,https://api.github.com/users/mmkassem/events{/privacy},https://api.github.com/users/mmkassem/received_events,User,public,False
74,denmark,6860,MDQ6VXNlcjY4NjA=,https://avatars.githubusercontent.com/u/6860?v=4,,https://api.github.com/users/denmark,https://github.com/denmark,https://api.github.com/users/denmark/followers,https://api.github.com/users/denmark/following{/other_user},https://api.github.com/users/denmark/gists{/gist_id},https://api.github.com/users/denmark/starred{/owner}{/repo},https://api.github.com/users/denmark/subscriptions,https://api.github.com/users/denmark/orgs,https://api.github.com/users/denmark/repos,https://api.github.com/users/denmark/events{/privacy},https://api.github.com/users/denmark/received_events,User,public,False
75,mdg,6962,MDQ6VXNlcjY5NjI=,https://avatars.githubusercontent.com/u/6962?v=4,,https://api.github.com/users/mdg,https://github.com/mdg,https://api.github.com/users/mdg/followers,https://api.github.com/users/mdg/following{/other_user},https://api.github.com/users/mdg/gists{/gist_id},https://api.github.com/users/mdg/starred{/owner}{/repo},https://api.github.com/users/mdg/subscriptions,https://api.github.com/users/mdg/orgs,https://api.github.com/users/mdg/repos,https://api.github.com/users/mdg/events{/privacy},https://api.github.com/users/mdg/received_events,User,public,False
76,lmumar,7017,MDQ6VXNlcjcwMTc=,https://avatars.githubusercontent.com/u/7017?v=4,,https://api.github.com/users/lmumar,https://github.com/lmumar,https://api.github.com/users/lmumar/followers,https://api.github.com/users/lmumar/following{/other_user},https://api.github.com/users/lmumar/gists{/gist_id},https://api.github.com/users/lmumar/starred{/owner}{/repo},https://api.github.com/users/lmumar/subscriptions,https://api.github.com/users/lmumar/orgs,https://api.github.com/users/lmumar/repos,https://api.github.com/users/lmumar/events{/privacy},https://api.github.com/users/lmumar/received_events,User,public,False
77,groby,7134,MDQ6VXNlcjcxMzQ=,https://avatars.githubusercontent.com/u/7134?v=4,,https://api.github.com/users/groby,https://github.com/groby,https://api.github.com/users/groby/followers,https://api.github.com/users/groby/following{/other_user},https://api.github.com/users/groby/gists{/gist_id},https://api.github.com/users/groby/starred{/owner}{/repo},https://api.github.com/users/groby/subscriptions,https://api.github.com/users/groby/orgs,https://api.github.com/users/groby/repos,https://api.github.com/users/groby/events{/privacy},https://api.github.com/users/groby/received_events,User,public,False
78,rrees,7312,MDQ6VXNlcjczMTI=,https://avatars.githubusercontent.com/u/7312?v=4,,https://api.github.com/users/rrees,https://github.com/rrees,https://api.github.com/users/rrees/followers,https://api.github.com/users/rrees/following{/other_user},https://api.github.com/users/rrees/gists{/gist_id},https://api.github.com/users/rrees/starred{/owner}{/repo},https://api.github.com/users/rrees/subscriptions,https://api.github.com/users/rrees/orgs,https://api.github.com/users/rrees/repos,https://api.github.com/users/rrees/events{/privacy},https://api.github.com/users/rrees/received_events,User,public,False
79,caiges,7320,MDQ6VXNlcjczMjA=,https://avatars.githubusercontent.com/u/7320?v=4,,https://api.github.com/users/caiges,https://github.com/caiges,https://api.github.com/users/caiges/followers,https://api.github.com/users/caiges/following{/other_user},https://api.github.com/users/caiges/gists{/gist_id},https://api.github.com/users/caiges/starred{/owner}{/repo},https://api.github.com/users/caiges/subscriptions,https://api.github.com/users/caiges/orgs,https://api.github.com/users/caiges/repos,https://api.github.com/users/caiges/events{/privacy},https://api.github.com/users/caiges/received_events,User,public,False
80,mitsuhiko,7396,MDQ6VXNlcjczOTY=,https://avatars.githubusercontent.com/u/7396?v=4,,https://api.github.com/users/mitsuhiko,https://github.com/mitsuhiko,https://api.github.com/users/mitsuhiko/followers,https://api.github.com/users/mitsuhiko/following{/other_user},https://api.github.com/users/mitsuhiko/gists{/gist_id},https://api.github.com/users/mitsuhiko/starred{/owner}{/repo},https://api.github.com/users/mitsuhiko/subscriptions,https://api.github.com/users/mitsuhiko/orgs,https://api.github.com/users/mitsuhiko/repos,https://api.github.com/users/mitsuhiko/events{/privacy},https://api.github.com/users/mitsuhiko/received_events,User,public,False
81,johndrinkwater,7708,MDQ6VXNlcjc3MDg=,https://avatars.githubusercontent.com/u/7708?v=4,,https://api.github.com/users/johndrinkwater,https://github.com/johndrinkwater,https://api.github.com/users/johndrinkwater/followers,https://api.github.com/users/johndrinkwater/following{/other_user},https://api.github.com/users/johndrinkwater/gists{/gist_id},https://api.github.com/users/johndrinkwater/starred{/owner}{/repo},https://api.github.com/users/johndrinkwater/subscriptions,https://api.github.com/users/johndrinkwater/orgs,https://api.github.com/users/johndrinkwater/repos,https://api.github.com/users/johndrinkwater/events{/privacy},https://api.github.com/users/johndrinkwater/received_events,User,public,False
82,tlossen,7850,MDQ6VXNlcjc4NTA=,https://avatars.githubusercontent.com/u/7850?v=4,,https://api.github.com/users/tlossen,https://github.com/tlossen,https://api.github.com/users/tlossen/followers,https://api.github.com/users/tlossen/following{/other_user},https://api.github.com/users/tlossen/gists{/gist_id},https://api.github.com/users/tlossen/starred{/owner}{/repo},https://api.github.com/users/tlossen/subscriptions,https://api.github.com/users/tlossen/orgs,https://api.github.com/users/tlossen/repos,https://api.github.com/users/tlossen/events{/privacy},https://api.github.com/users/tlossen/received_events,User,public,False
83,xtat,7899,MDQ6VXNlcjc4OTk=,https://avatars.githubusercontent.com/u/7899?v=4,,https://api.github.com/users/xtat,https://github.com/xtat,https://api.github.com/users/xtat/followers,https://api.github.com/users/xtat/following{/other_user},https://api.github.com/users/xtat/gists{/gist_id},https://api.github.com/users/xtat/starred{/owner}{/repo},https://api.github.com/users/xtat/subscriptions,https://api.github.com/users/xtat/orgs,https://api.github.com/users/xtat/repos,https://api.github.com/users/xtat/events{/privacy},https://api.github.com/users/xtat/received_events,User,public,False
84,jage,7913,MDQ6VXNlcjc5MTM=,https://avatars.githubusercontent.com/u/7913?v=4,,https://api.github.com/users/jage,https://github.com/jage,https://api.github.com/users/jage/followers,https://api.github.com/users/jage/following{/other_user},https://api.github.com/users/jage/gists{/gist_id},https://api.github.com/users/jage/starred{/owner}{/repo},https://api.github.com/users/jage/subscriptions,https://api.github.com/users/jage/orgs,https://api.github.com/users/jage/repos,https://api.github.com/users/jage/events{/privacy},https://api.github.com/users/jage/received_events,User,public,False
85,kevinw,7930,MDQ6VXNlcjc5MzA=,https://avatars.githubusercontent.com/u/7930?v=4,,https://api.github.com/users/kevinw,https://github.com/kevinw,https://api.github.com/users/kevinw/followers,https://api.github.com/users/kevinw/following{/other_user},https://api.github.com/users/kevinw/gists{/gist_id},https://api.github.com/users/kevinw/starred{/owner}{/repo},https://api.github.com/users/kevinw/subscriptions,https://api.github.com/users/kevinw/orgs,https://api.github.com/users/kevinw/repos,https://api.github.com/users/kevinw/events{/privacy},https://api.github.com/users/kevinw/received_events,User,public,False
86,johnm,8661,MDQ6VXNlcjg2NjE=,https://avatars.githubusercontent.com/u/8661?v=4,,https://api.github.com/users/johnm,https://github.com/johnm,https://api.github.com/users/johnm/followers,https://api.github.com/users/johnm/following{/other_user},https://api.github.com/users/johnm/gists{/gist_id},https://api.github.com/users/johnm/starred{/owner}{/repo},https://api.github.com/users/johnm/subscriptions,https://api.github.com/users/johnm/orgs,https://api.github.com/users/johnm/repos,https://api.github.com/users/johnm/events{/privacy},https://api.github.com/users/johnm/received_events,User,public,False
87,triptych,8691,MDQ6VXNlcjg2OTE=,https://avatars.githubusercontent.com/u/8691?v=4,,https://api.github.com/users/triptych,https://github.com/triptych,https://api.github.com/users/triptych/followers,https://api.github.com/users/triptych/following{/other_user},https://api.github.com/users/triptych/gists{/gist_id},https://api.github.com/users/triptych/starred{/owner}{/repo},https://api.github.com/users/triptych/subscriptions,https://api.github.com/users/triptych/orgs,https://api.github.com/users/triptych/repos,https://api.github.com/users/triptych/events{/privacy},https://api.github.com/users/triptych/received_events,User,public,False
88,elisehuard,8934,MDQ6VXNlcjg5MzQ=,https://avatars.githubusercontent.com/u/8934?v=4,,https://api.github.com/users/elisehuard,https://github.com/elisehuard,https://api.github.com/users/elisehuard/followers,https://api.github.com/users/elisehuard/following{/other_user},https://api.github.com/users/elisehuard/gists{/gist_id},https://api.github.com/users/elisehuard/starred{/owner}{/repo},https://api.github.com/users/elisehuard/subscriptions,https://api.github.com/users/elisehuard/orgs,https://api.github.com/users/elisehuard/repos,https://api.github.com/users/elisehuard/events{/privacy},https://api.github.com/users/elisehuard/received_events,User,public,False
89,moonboots,8942,MDQ6VXNlcjg5NDI=,https://avatars.githubusercontent.com/u/8942?v=4,,https://api.github.com/users/moonboots,https://github.com/moonboots,https://api.github.com/users/moonboots/followers,https://api.github.com/users/moonboots/following{/other_user},https://api.github.com/users/moonboots/gists{/gist_id},https://api.github.com/users/moonboots/starred{/owner}{/repo},https://api.github.com/users/moonboots/subscriptions,https://api.github.com/users/moonboots/orgs,https://api.github.com/users/moonboots/repos,https://api.github.com/users/moonboots/events{/privacy},https://api.github.com/users/moonboots/received_events,User,public,False
90,Constellation,9023,MDQ6VXNlcjkwMjM=,https://avatars.githubusercontent.com/u/9023?v=4,,https://api.github.com/users/Constellation,https://github.com/Constellation,https://api.github.com/users/Constellation/followers,https://api.github.com/users/Constellation/following{/other_user},https://api.github.com/users/Constellation/gists{/gist_id},https://api.github.com/users/Constellation/starred{/owner}{/repo},https://api.github.com/users/Constellation/subscriptions,https://api.github.com/users/Constellation/orgs,https://api.github.com/users/Constellation/repos,https://api.github.com/users/Constellation/events{/privacy},https://api.github.com/users/Constellation/received_events,User,public,False
91,durran,9030,MDQ6VXNlcjkwMzA=,https://avatars.githubusercontent.com/u/9030?v=4,,https://api.github.com/users/durran,https://github.com/durran,https://api.github.com/users/durran/followers,https://api.github.com/users/durran/following{/other_user},https://api.github.com/users/durran/gists{/gist_id},https://api.github.com/users/durran/starred{/owner}{/repo},https://api.github.com/users/durran/subscriptions,https://api.github.com/users/durran/orgs,https://api.github.com/users/durran/repos,https://api.github.com/users/durran/events{/privacy},https://api.github.com/users/durran/received_events,User,public,False
92,tjackiw,9180,MDQ6VXNlcjkxODA=,https://avatars.githubusercontent.com/u/9180?v=4,,https://api.github.com/users/tjackiw,https://github.com/tjackiw,https://api.github.com/users/tjackiw/followers,https://api.github.com/users/tjackiw/following{/other_user},https://api.github.com/users/tjackiw/gists{/gist_id},https://api.github.com/users/tjackiw/starred{/owner}{/repo},https://api.github.com/users/tjackiw/subscriptions,https://api.github.com/users/tjackiw/orgs,https://api.github.com/users/tjackiw/repos,https://api.github.com/users/tjackiw/events{/privacy},https://api.github.com/users/tjackiw/received_events,User,public,False
93,deepak,9192,MDQ6VXNlcjkxOTI=,https://avatars.githubusercontent.com/u/9192?v=4,,https://api.github.com/users/deepak,https://github.com/deepak,https://api.github.com/users/deepak/followers,https://api.github.com/users/deepak/following{/other_user},https://api.github.com/users/deepak/gists{/gist_id},https://api.github.com/users/deepak/starred{/owner}{/repo},https://api.github.com/users/deepak/subscriptions,https://api.github.com/users/deepak/orgs,https://api.github.com/users/deepak/repos,https://api.github.com/users/deepak/events{/privacy},https://api.github.com/users/deepak/received_events,User,public,False
94,dche,9266,MDQ6VXNlcjkyNjY=,https://avatars.githubusercontent.com/u/9266?v=4,,https://api.github.com/users/dche,https://github.com/dche,https://api.github.com/users/dche/followers,https://api.github.com/users/dche/following{/other_user},https://api.github.com/users/dche/gists{/gist_id},https://api.github.com/users/dche/starred{/owner}{/repo},https://api.github.com/users/dche/subscriptions,https://api.github.com/users/dche/orgs,https://api.github.com/users/dche/repos,https://api.github.com/users/dche/events{/privacy},https://api.github.com/users/dche/received_events,User,public,False
95,m3talsmith,9272,MDQ6VXNlcjkyNzI=,https://avatars.githubusercontent.com/u/9272?v=4,,https://api.github.com/users/m3talsmith,https://github.com/m3talsmith,https://api.github.com/users/m3talsmith/followers,https://api.github.com/users/m3talsmith/following{/other_user},https://api.github.com/users/m3talsmith/gists{/gist_id},https://api.github.com/users/m3talsmith/starred{/owner}{/repo},https://api.github.com/users/m3talsmith/subscriptions,https://api.github.com/users/m3talsmith/orgs,https://api.github.com/users/m3talsmith/repos,https://api.github.com/users/m3talsmith/events{/privacy},https://api.github.com/users/m3talsmith/received_events,User,public,False
96,oyiptong,9365,MDQ6VXNlcjkzNjU=,https://avatars.githubusercontent.com/u/9365?v=4,,https://api.github.com/users/oyiptong,https://github.com/oyiptong,https://api.github.com/users/oyiptong/followers,https://api.github.com/users/oyiptong/following{/other_user},https://api.github.com/users/oyiptong/gists{/gist_id},https://api.github.com/users/oyiptong/starred{/owner}{/repo},https://api.github.com/users/oyiptong/subscriptions,https://api.github.com/users/oyiptong/orgs,https://api.github.com/users/oyiptong/repos,https://api.github.com/users/oyiptong/events{/privacy},https://api.github.com/users/oyiptong/received_events,User,public,False
97,oz,9436,MDQ6VXNlcjk0MzY=,https://avatars.githubusercontent.com/u/9436?v=4,,https://api.github.com/users/oz,https://github.com/oz,https://api.github.com/users/oz/followers,https://api.github.com/users/oz/following{/other_user},https://api.github.com/users/oz/gists{/gist_id},https://api.github.com/users/oz/starred{/owner}{/repo},https://api.github.com/users/oz/subscriptions,https://api.github.com/users/oz/orgs,https://api.github.com/users/oz/repos,https://api.github.com/users/oz/events{/privacy},https://api.github.com/users/oz/received_events,User,public,False
98,mnmldave,9583,MDQ6VXNlcjk1ODM=,https://avatars.githubusercontent.com/u/9583?v=4,,https://api.github.com/users/mnmldave,https://github.com/mnmldave,https://api.github.com/users/mnmldave/followers,https://api.github.com/users/mnmldave/following{/other_user},https://api.github.com/users/mnmldave/gists{/gist_id},https://api.github.com/users/mnmldave/starred{/owner}{/repo},https://api.github.com/users/mnmldave/subscriptions,https://api.github.com/users/mnmldave/orgs,https://api.github.com/users/mnmldave/repos,https://api.github.com/users/mnmldave/events{/privacy},https://api.github.com/users/mnmldave/received_events,User,public,False
99,rwl,9773,MDQ6VXNlcjk3NzM=,https://avatars.githubusercontent.com/u/9773?v=4,,https://api.github.com/users/rwl,https://github.com/rwl,https://api.github.com/users/rwl/followers,https://api.github.com/users/rwl/following{/other_user},https://api.github.com/users/rwl/gists{/gist_id},https://api.github.com/users/rwl/starred{/owner}{/repo},https://api.github.com/users/rwl/subscriptions,https://api.github.com/users/rwl/orgs,https://api.github.com/users/rwl/repos,https://api.github.com/users/rwl/events{/privacy},https://api.github.com/users/rwl/received_events,User,public,False
